y,difficulty,human_pred,ai_pred,human_conf,ai_conf
1,0.7687368078106284,1,1,0.7890810236094864,0.7120245828243527
1,0.15367745762984852,1,0,0.9561067257312025,0.7292080868474015
0,0.3262972578492902,0,0,0.8466148092443866,0.7964433187535545
0,0.827238421640167,0,1,0.7782009678653047,0.4373378094434444
1,0.48353827830790225,0,1,0.44176860909615834,0.7047729920183707
0,0.7760967004948838,1,0,0.40747143953691967,0.7900408210638371
1,0.1931650154737753,1,1,0.9142527488233985,0.8540905407621656
0,0.6448673909088856,1,1,0.4247805428519393,0.44812595715126113
0,0.5171522702256081,0,1,0.776958812602249,0.5015838735584205
0,0.5493364109068043,0,0,0.857824674354629,0.8052907514057954
1,0.5337328928885867,1,1,0.895544995839541,0.7831662151955713
1,0.17925019015465057,0,1,0.4725502805379725,0.8342366732399685
1,0.280491223059095,1,0,0.8582858502953724,0.40084705123134445
0,0.33711642247498863,0,1,0.8304114975792445,0.42546759708066867
0,0.15780700754318114,0,0,0.8307527914808108,0.7351835636165467
0,0.6807836108502819,0,1,0.8404018997810188,0.49629431667967616
0,0.48937907444477424,0,0,0.8331927181141567,0.8689036118671973
1,0.6544363389434757,1,0,0.7297921966749803,0.4213867633232713
1,0.6135604465391138,1,1,0.8053727841534922,0.8090746945507133
1,0.4035913794426917,1,1,0.7626540667062204,0.7575642247699033
1,0.24841897718963382,1,1,0.8774129425968663,0.8345843722424817
0,0.6985934116321245,0,1,0.7623637276740596,0.3981899253263923
0,0.6655553058047902,1,0,0.4440902334241867,0.757635153746277
1,0.5242845018516896,0,0,0.4847563674393289,0.6374325494519568
0,0.6792692568891533,0,0,0.7418634843150244,0.8028133747950821
1,0.41533472211854805,1,1,0.8305008535691164,0.8390971854083717
1,0.3797957605728912,0,1,0.5563922272340055,0.8343129642278447
0,0.38121128217051,0,0,0.7396994330427894,0.720812084752912
1,0.35508245587846543,1,0,0.9359998442658677,0.5531010279977673
0,0.5311481077596143,1,1,0.45721260294139604,0.517688904548903
0,0.8887095175903122,0,0,0.6833842446807851,0.8301766846894132
0,0.792043899858825,1,0,0.41319399815335056,0.7675305770878389
0,0.48309163069903244,0,0,0.78659187698787,0.6833910096978781
0,0.16856881212901148,1,1,0.4877537251769157,0.4716194313587576
0,0.8673382587151925,1,1,0.4090245623967327,0.5476355030143336
0,0.8648508877127795,1,0,0.3590672561915776,0.7785699471771425
0,0.44383503299592936,0,0,0.7385954078369729,0.7429973839711562
1,0.9513277498257418,0,1,0.506658603316795,0.84831814641918
0,0.8787954545818897,0,1,0.7144940172591,0.3961429887405779
1,0.3212913806229922,1,0,0.9151099435268448,0.47579722107856487
1,0.2741606242720409,1,0,0.8725300660885156,0.4443100457599205
1,0.6250878120209233,0,1,0.4407781312059414,0.7229064153314969
0,0.10625369267017476,0,0,0.9107090424989874,0.8575573286586008
1,0.5490836306862328,1,0,0.7642799753336618,0.4327438352018859
1,0.718280409510367,1,1,0.7849278387629905,0.6097206384898282
0,0.19275330861412096,0,1,0.7489110491030471,0.472996057334743
1,0.02206153353152376,1,1,0.9053669441570794,0.99
1,0.5966799725747916,0,1,0.38834840068823845,0.8048877083132367
0,0.6822781641237673,0,1,0.7494119187179951,0.41775150443641174
1,0.6960026008105544,0,0,0.34571478510788645,0.47351783572692197
0,0.5511399236419668,0,1,0.7459968336187467,0.5826379196274215
0,0.4959207393101614,0,0,0.8651481076626952,0.7538089011842674
1,0.6815878373033055,0,0,0.46864561091636736,0.41949474860192604
0,0.41986445619885526,1,1,0.41993530546768487,0.4392432390859316
0,0.8367878273626541,0,1,0.644934578953113,0.5044010912547507
0,0.07213705172059885,0,1,0.9037223940249284,0.6694997350098388
1,0.5863818813254531,1,1,0.7213784637486138,0.7949083542454012
1,0.4766605247516725,1,1,0.8577138969928827,0.8314690990914674
1,0.3517254807948359,1,0,0.7793748477550715,0.4726295029385777
0,0.7675807933959217,1,0,0.3873610934586136,0.7770576560445468
0,0.5112472145720767,0,1,0.7052495704135568,0.41444780443831897
0,0.47784833949499483,1,0,0.5596533780060093,0.8502255121658817
0,0.5768410373852991,0,0,0.9063993152597998,0.891447921755028
0,0.7561282761472033,0,0,0.7201631067714123,0.8076076419028793
1,0.5664041915848064,0,1,0.470859633157097,0.8508851166476474
1,0.41265817723151826,1,1,0.7682529213271038,0.7909537379403269
0,0.6844808481782274,1,1,0.4752446924083106,0.38159802752358063
1,0.9640418404591437,1,0,0.6518347153041861,0.5047062381081764
0,0.683037972423546,1,0,0.36696458192965087,0.7191864113334215
1,0.5650591498000572,1,0,0.8590845599717276,0.5151186879740317
0,0.6740992101281538,0,1,0.8195538498320598,0.5156439669232189
0,0.16583289740382054,0,0,0.895354744385843,0.854641754547542
0,0.23539355131211936,1,0,0.553914268134409,0.8712149929347
1,0.34008150100013534,0,0,0.5122420307541877,0.48687326693836125
1,0.42027845197387576,1,1,0.8093875883328352,0.8888248422009448
0,0.6583962118912813,0,0,0.7954611446750153,0.8219329578799051
1,0.3193095115524173,0,1,0.5861285035146023,0.8669434583267561
1,0.8017947452093129,1,1,0.7690429587673226,0.8772729855048961
1,0.7781280662458234,0,1,0.5055596968570913,0.7300306364328175
0,0.27311943964857177,0,0,0.8465511030537026,0.8468441186194482
1,0.22206473214950836,0,1,0.6276360271502878,0.788719265794575
0,0.09827152334596397,0,0,0.7953127654031794,0.9384383060217591
0,0.2802360861132211,0,0,0.7788150904700606,0.963334379613016
1,0.40185368987807324,0,1,0.4999834395724773,0.824996419817245
1,0.5507606479235697,1,0,0.7262544063415594,0.4976771955657724
0,0.41695232283302824,0,0,0.7606137210069741,0.8523393234763593
0,0.25399719795253606,0,0,0.8152858613735019,0.8597402985355875
1,0.6750748539808207,1,1,0.8495855192115563,0.8091980606462236
0,0.2762547030297853,1,0,0.6555115575358663,0.8415236035581068
1,0.12388962293656,1,1,0.7968207902908725,0.9680984821926252
1,0.37653973988059575,0,0,0.397712550062847,0.508292187560765
0,0.44214793217024745,0,1,0.8088620069358049,0.5116143941726521
1,0.400409195925371,1,1,0.841687083738857,0.7816760253368477
1,0.3534347107550214,1,0,0.788329953568036,0.51421141179412
1,0.43616330359237643,0,1,0.4601253490963993,0.692567827746877
1,0.6686315384406764,1,1,0.7277041379225481,0.9475584507634415
0,0.36562914384355794,1,1,0.4411482253033582,0.5395563865942778
0,0.8462449841297669,0,1,0.7693095929639518,0.48362664774773795
0,0.4499918380007864,0,0,0.8591878495632208,0.8622844787050679
0,0.22470834002509824,0,1,0.840405198575818,0.5337992404480283
0,0.8237263758459932,1,1,0.33589922026648705,0.41643419567851175
0,0.6844573261973825,1,0,0.43071677918752116,0.7429363343067764
1,0.8568256610197056,0,0,0.29040714442327875,0.49609093158476025
1,0.7548254814003451,1,1,0.6442205690245527,0.7397624622168203
0,0.23571748104733353,0,0,0.8373245007116796,0.8021185366034531
0,0.24806535616622788,0,0,0.8079306639335423,0.8722048445884133
1,0.5074338602426897,0,1,0.5266856644304417,0.7283306708853546
0,0.30221425529367635,0,0,0.8201613484460587,0.7950861771240868
1,0.7153364986329016,0,1,0.3610720772825313,0.8231283893962723
0,0.6737802180888662,1,1,0.4225082798133061,0.48669382978989795
1,0.49316082690300334,0,1,0.48126758857704977,0.8440162665887652
1,0.6060633403495194,0,0,0.5399738332138031,0.549611694264188
1,0.24111903617513408,1,1,0.8703560810886468,0.7891229836331102
1,0.5297984207610282,0,0,0.5588005868025073,0.4125575445357385
1,0.30707014414082395,1,1,0.7403403775375964,0.9243177045957823
0,0.3015826983717617,1,0,0.631668134234728,0.8419641281372114
0,0.4125109769802839,1,0,0.47508102184992573,0.8767999756681518
1,0.7286616016216125,1,1,0.7212066047980715,0.7766636333667669
0,0.24141315661350554,0,0,0.7855623385177232,0.8447160586846303
1,0.617436885276456,0,1,0.4767986694490106,0.7703188172038018
1,0.523180042902061,1,1,0.7878139019721554,0.8242697821067654
0,0.8606325731817087,0,1,0.7525425702416318,0.3633930575310503
0,0.5525847865799268,0,0,0.6898232993930574,0.8466953034461033
1,0.44407965388513615,0,0,0.44829116741003877,0.5449089219314667
0,0.18072705642204642,1,0,0.5526103129749929,0.8934113891561061
1,0.20054115319304075,1,1,0.8099712579483765,0.7443246449101754
0,0.14500792683515812,0,0,0.7964520664045615,0.8435680976467341
1,0.0699202233708216,1,0,0.7764237443494358,0.6247763589060384
1,0.6680946863477483,0,0,0.3757293477894275,0.46737495418865693
0,0.3449460988045594,0,0,0.7042938069796936,0.881970196118564
1,0.5641425672006894,0,0,0.5049372569463957,0.46429116290271755
1,0.3861073791488951,0,0,0.5773660498118697,0.4278985202757912
0,0.847082337197612,0,0,0.6312590871393536,0.7104306245187059
1,0.33149188551020886,1,0,0.7736492624929593,0.5034533710149925
0,0.2728700016074026,1,0,0.45768628688215096,0.8653636818022475
0,0.5096361339543446,1,0,0.4358586929224565,0.8142256962932735
0,0.40106896300094724,0,0,0.7401610197452537,0.8659909989706771
1,0.6009176996938975,0,1,0.4108631779164831,0.7943042951579955
0,0.6871130315839145,0,1,0.6571279049102711,0.45103812780143626
0,0.2606387303538481,0,0,0.8820073874762707,0.8567554117191564
1,0.6256352561627818,0,1,0.32152452518324326,0.6357926818405388
1,0.5488242207272601,1,1,0.7743972560201203,0.7809960377165218
1,0.4437034062909532,1,1,0.7751683394201685,0.7970310084741974
0,0.7334609106219685,0,1,0.6984633657923298,0.5084430403079575
1,0.4130943403494278,1,0,0.762752696696477,0.48507196243796313
1,0.944179908754493,0,1,0.41671314628908707,0.7930088080439153
1,0.23637345485404873,1,1,0.6899158595803929,0.8986112394622385
0,0.6532077679179883,0,1,0.7600261939544214,0.38529649194048504
0,0.6584687166000627,0,0,0.700120872387361,0.8162807723849929
1,0.15156977987254153,1,0,0.8547850194222074,0.590668631494937
1,0.4376498685590838,1,0,0.7684965381085934,0.5312458780105421
1,0.6206642511005017,0,0,0.3842471777792734,0.4404372659520473
1,0.2367019613843696,1,0,0.8709163676007282,0.6289205755811353
0,0.6245961848771346,0,0,0.7731105343786164,0.68866039265471
1,0.4517540672505971,1,1,0.7459383678161952,0.8944240115788412
1,0.5393292720014727,1,1,0.7881382603427556,0.8253687159228821
1,0.3023564580000206,1,0,0.8894778775111183,0.5381117288130228
1,0.2588849121933343,1,1,0.8523207704754987,0.900861519130404
0,0.7481099438036425,1,0,0.33466611342996844,0.7523581549857112
0,0.5888795814165703,0,0,0.7289779026754741,0.6803498678684664
0,0.5009263139552728,1,0,0.5060663238515595,0.7677413437988712
0,0.7606592628276427,0,1,0.7334118008632529,0.45343024947286337
0,0.4047683018253989,0,0,0.8258044975154364,0.7958730488807713
0,0.6728557059072757,1,0,0.47460375173363145,0.7616526733722396
0,0.8459227922372009,1,1,0.46958583980964824,0.43834439160842864
0,0.8922091109499541,1,1,0.40138746859190316,0.3410765828526999
1,0.6933773592629747,1,1,0.7649061760694811,0.8323479135749565
0,0.9730872124878989,0,0,0.6864639536175804,0.7047247724019823
0,0.48332149184550355,1,0,0.57163151284609,0.808117206298136
0,0.6132461727519004,0,0,0.8711256285630319,0.7894263314774637
0,0.3632243246652879,1,0,0.5122368553477591,0.8833208373143558
1,0.30245210516660026,1,1,0.803732466971399,0.7173543036550869
1,0.33421090858087155,0,1,0.5056199550187672,0.9126021254028243
1,0.742885710306818,1,1,0.67947839784199,0.8391869142898987
1,0.2719970978483904,1,1,0.8620560149346201,0.769434960210189
0,0.8172176630298423,0,1,0.6733165576247329,0.5553594324871575
1,0.37987901621772324,1,1,0.72685676350274,0.8616448028605508
0,0.23850903055235712,0,0,0.7883378208768845,0.8640373414572069
1,0.6814888784322547,1,0,0.774613828746825,0.4329615235475394
0,0.29262498254564523,0,0,0.8245037109567511,0.7950944804683251
1,0.11152376536578618,1,1,0.8536054317359884,0.9012234365872858
0,0.17443469695049726,0,0,0.8091645007359581,0.8012927743078573
1,0.572976347461573,0,1,0.4520081400058642,0.7746057960752359
1,0.8531880564793114,1,1,0.6677779834777765,0.6531135456923063
0,0.5189162502936251,0,0,0.7909659271595718,0.7546061893381256
1,0.20921913375349657,1,1,0.8358478477437118,0.9221958999759164
1,0.21088855425642017,0,1,0.5409165590394891,0.9001823344896579
1,0.10476536157718805,1,1,0.791659688761496,0.8651194903929367
0,0.8498845326739826,0,0,0.796678486072671,0.7548024546809767
0,0.5718271552496718,1,0,0.4483913944679178,0.900344450645745
1,0.396707908342875,1,1,0.8665878271398617,0.8145231627051613
0,0.47051575725101097,1,0,0.43701304741962627,0.8391147211740991
0,0.43132565411727575,0,1,0.7731471435874506,0.5128229782076148
0,0.4516177968233893,0,0,0.7693299222353089,0.8549589213640025
0,0.3749031976278474,1,0,0.445562068782266,0.8735050346058971
0,0.5363991860138213,0,0,0.7858772972612837,0.6260335141353606
1,0.1604554097979006,1,1,0.8832598745924906,0.8326072262432618
0,0.6568209930251194,1,0,0.46574359759907014,0.9366433606853438
1,0.9257082164036554,0,1,0.4327351602147774,0.7227294918846163
0,0.4159341945568488,0,1,0.8096511116089005,0.4025352455681843
1,0.5791773846491158,0,0,0.4100406368333914,0.5042831383154776
1,0.6646946593618472,1,1,0.6774203538054855,0.7793130548721033
0,0.16609196862740297,1,0,0.521740300101363,0.8542184405273265
1,0.20342790670174044,0,1,0.47376601491619164,0.8055866134317653
1,0.6509376872611885,1,1,0.6700517334298273,0.8861254611096169
0,0.16964992783145072,0,0,0.9553033973849652,0.8311813427784742
1,0.8457892782453931,0,1,0.4202549111762687,0.7331720712645842
1,0.6122481794335071,0,0,0.5518883560221273,0.4023275804928692
1,0.22503608608295736,1,1,0.8643967970522176,0.860406754093047
1,0.3482174061010317,0,1,0.4515209350744395,0.8728441743754753
0,0.23014802374704024,0,0,0.7666392057740633,0.945321356267248
0,0.23527683420983303,1,1,0.5312204218495425,0.6028715254335337
0,0.5889711545412271,0,0,0.7949590322811099,0.714151670936927
1,0.38032003808230325,0,0,0.40081169756798196,0.3608439124637686
1,0.1548289513855771,1,0,0.9160921991325317,0.5892866196977402
0,0.6017203387567832,0,0,0.6873264869546297,0.6883010032192232
1,0.09713951203615508,1,1,0.7870034377265478,0.9691902432005177
0,0.28742823356345826,0,0,0.931157844336898,0.855564253724827
0,0.1623378676652919,0,1,0.8175372198591099,0.5290597334435332
0,0.5683851068239151,0,0,0.7783991728686855,0.7485330811281654
0,0.7431634399674671,1,1,0.31347081501101415,0.45240153311539194
0,0.33561598035406637,0,0,0.7901051446487225,0.7706257206187116
0,0.4463351282031602,0,0,0.799370539775435,0.7922163572740557
1,0.7507429252524664,0,1,0.46223398075444294,0.7522585808570484
0,0.3806706192030804,0,1,0.8674183431321538,0.3972723516706237
0,0.6974403449989977,1,0,0.3976117367244323,0.7959678372410631
1,0.7991664803445185,0,0,0.4240610707692508,0.46316902845356717
1,0.8606660605656672,0,1,0.32861242091469045,0.6434043709864522
0,0.5039278238537742,1,0,0.5255807770995561,0.9235353714708798
1,0.6205412130409328,0,1,0.5184192477544445,0.7925627818183529
0,0.6029178243380521,0,1,0.7279616686937656,0.5202042538875846
0,0.4863944756337828,1,0,0.468404126856103,0.7831197736969181
0,0.4414985314723498,0,0,0.7270025539717431,0.8717301981728452
1,0.342158262090055,1,1,0.8815857325991874,0.8539660868202873
1,0.6688550256765606,0,0,0.39624228813430346,0.6366430122876292
0,0.37893400194090365,0,0,0.7762652755043394,0.8096437545990445
1,0.021945636994157247,1,1,0.9197676194884136,0.9027859094620395
0,0.08719029929457552,0,0,0.9095598706169084,0.7550797937024452
0,0.6511932761843405,0,1,0.7337290986859532,0.42325099537315025
1,0.3001333894071843,1,1,0.9506121312279806,0.7146625004139465
0,0.4641478124916115,0,0,0.7898469305481255,0.8407256657417097
0,0.6755216825924406,1,1,0.37326776570365894,0.4522364661232265
0,0.2522429801842571,1,0,0.4951060923389735,0.8367117827328973
1,0.33213063110765245,1,1,0.8768677893674648,0.8489513136025746
1,0.8879915861566299,0,1,0.3360050250700054,0.7474778273922151
1,0.9190345222556099,1,0,0.6862589794742613,0.41796352590834795
0,0.38927968876275687,0,0,0.8314331642997528,0.8375706194655967
0,0.5878068259354812,1,1,0.4842729980670038,0.4771214480772724
1,0.364099370923541,0,1,0.4762738452479401,0.84552481179393
1,0.34033135277558596,1,0,0.8059958674863092,0.5005916155686166
0,0.7030913197940191,1,1,0.5058226907197669,0.44505273067540696
0,0.5182238415871203,0,1,0.775272683551259,0.46343924283277627
1,0.5571780882709746,1,1,0.897106370652234,0.7187127710187085
1,0.23355439743724823,1,1,0.9527966481281238,0.7985913412753401
0,0.6404447656160787,0,0,0.7123932611273548,0.7249789844063703
1,0.8360102336091333,0,0,0.3710771825525844,0.4519896452189969
1,0.580286951334342,0,0,0.3905351015822388,0.46586157865788524
1,0.6352407157275332,1,1,0.814875210649143,0.8197282992778159
1,0.24441437818191086,1,1,0.832250410190566,0.8891792893021954
1,0.29717091840425236,1,1,0.8842419766447714,0.8675091985779432
1,0.44169038581957776,0,1,0.42128507658325887,0.9166848856808931
1,0.46726092092195176,0,1,0.48031369848636174,0.9098704801706581
0,0.15518653895491566,0,0,0.9173497890856632,0.8302190551354479
1,0.8673234382240064,1,1,0.6855965231230338,0.7423753192379184
0,0.5868937156955049,1,0,0.36596705580956,0.7762619040788281
1,0.48869820456242263,1,1,0.7827803420988908,0.8339460762734123
1,0.0747946852435294,1,1,0.9502015997278747,0.8434401268468714
1,0.40546965088826614,1,1,0.7250702702183969,0.8888630949560412
0,0.44994856782213616,0,1,0.8952616427296977,0.49679471733566677
0,0.25454156310083026,1,0,0.5764589815864809,0.9571213417616713
0,0.6321586373633489,1,0,0.47691558987886457,0.7864705406239637
0,0.23869842423848633,0,0,0.7852454324623088,0.91492177956633
1,0.1879926525042614,1,1,0.8354467134041371,0.8761997732467203
1,0.8212249188302815,0,0,0.415753627735844,0.4310295127117904
0,0.2826729689322025,0,0,0.7375106804540786,0.8719442490625139
0,0.3210771418001783,1,0,0.45516122494430206,0.8539243338911114
1,0.5434716701478294,1,1,0.7194869274757381,0.7080601205892306
1,0.4221087715875818,1,1,0.8351755733008949,0.816013546301829
0,0.6555121825312649,1,0,0.4312365268410676,0.7588064924324363
0,0.7397445581871992,0,1,0.7563258758037787,0.41587942280437096
1,0.5420116481300665,0,0,0.4562660843824798,0.47009322427920125
0,0.0876614788892319,0,0,0.8078617120345823,0.9199473964654787
1,0.2748887815363073,1,0,0.7264672731369881,0.5651518989278356
1,0.4117214152804584,1,1,0.8851110511155716,0.8469100676990021
1,0.6970781868999665,0,0,0.4315480479160648,0.5120667964483614
1,0.7114711408347768,0,1,0.3213119542511227,0.907578836758225
1,0.7604703251620781,0,0,0.3944440796992671,0.4690013969858474
0,0.23147271190899096,0,0,0.7400969598341381,0.9163485508804671
1,0.7468222110214243,1,0,0.7602679491029635,0.5087017046676462
1,0.8376600028939442,0,1,0.3827161087381872,0.7257002888592313
1,0.39693442501112514,0,1,0.5241986848578714,0.8216571796004678
0,0.40599882681838667,0,0,0.8445898265836316,0.9036516914290815
1,0.43913021480645464,1,1,0.8277348860446051,0.7782718702855466
0,0.7326210598781993,0,1,0.8119334240783519,0.4122639783726764
1,0.33326525229018605,1,1,0.8237600457913374,0.8109955149488547
0,0.2949028074424477,0,0,0.940082249106231,0.8688002642574655
0,0.5307842616145855,1,0,0.4146247553872049,0.8929345847382116
0,0.8244115967868791,1,1,0.38859151170251177,0.5578762115048712
1,0.8189482043699896,1,1,0.6729741798732068,0.8522760001288372
0,0.45408493112927956,1,0,0.533155051609928,0.8167156126535386
0,0.30517808261834356,0,1,0.8459127917512351,0.5047787922092429
1,0.5330312461822728,1,1,0.7378881253997436,0.7446134169619553
0,0.5934379269201747,1,0,0.31454518789103814,0.6768417511718263
1,0.7185924155947075,1,1,0.7664984034849702,0.7599226761524619
1,0.40876107570900344,1,0,0.794985478614197,0.4067773633476919
0,0.4994190877141566,0,0,0.7687993064810783,0.8176159244705156
0,0.42760332370567655,0,0,0.7910385223806851,0.8477301085707346
1,0.7438923413165017,1,1,0.752941160855921,0.7486610659299626
0,0.6235777445198434,0,0,0.7174527278526688,0.8961920288642556
1,0.611867265969105,1,1,0.7967956006616644,0.8128036662398537
0,0.4333018136303364,0,1,0.7194590417697101,0.4717513673879736
0,0.3167761586844274,1,1,0.4951818661265245,0.5519690935336797
1,0.11349237960132424,1,1,0.9047306674379082,0.769484760655831
1,0.5959861509671205,1,1,0.6773246115940248,0.7609628665864981
0,0.1661696355371875,0,0,0.926567289219802,0.8711760770722069
1,0.7009089691819874,1,0,0.7634499941451998,0.4017986273780781
0,0.26899615165657476,0,0,0.7642507950646196,0.8572346798371712
1,0.19165819515133514,1,1,0.9242142688728441,0.9041192726304689
1,0.8317635303232163,1,0,0.7617706087924507,0.4160126435120678
1,0.7230679901059893,1,0,0.8380332938596431,0.40799077821673335
1,0.21543403943691672,1,1,0.9074238611799292,0.8731612332179616
1,0.9185071860359869,1,1,0.7942464974825596,0.7589862455414298
0,0.6706377580333015,0,0,0.7478852958835978,0.867112222236554
0,0.34926984867359584,0,0,0.8956109549395677,0.7377611401198391
1,0.6496527486625202,0,1,0.5241792192276359,0.9388769836875464
0,0.18428614475158972,0,0,0.96420925851418,0.8858250326833752
1,0.5216818803012587,1,1,0.7478015896373345,0.7149643166945937
0,0.5361695522693092,0,0,0.808096532296483,0.8469426428409842
1,0.5477337257210142,1,1,0.855891904436112,0.8633071630354566
1,0.2049325103365064,0,0,0.6009609816529262,0.49142916411647486
1,0.6453818350185041,1,0,0.7413118457635552,0.4478248464382456
1,0.24985690494352147,0,0,0.5073394954645847,0.4770806550672714
1,0.2350302816896195,1,1,0.8369286491609247,0.8319392681046591
1,0.8030695579691627,1,1,0.7251648052788894,0.7828337834033249
1,0.7512842709070016,1,1,0.7440811742603348,0.7988259203695236
0,0.47454201700754267,0,0,0.7991127106487602,0.8135045042668155
0,0.34901108930150393,1,0,0.45929853565982953,0.7869887924321236
1,0.2373970394593132,1,0,0.7919612485862024,0.5206868411774463
0,0.3911841045158665,0,0,0.855130675915294,0.8440099041392666
1,0.4118902397016409,1,0,0.8100629007109441,0.43984733043223423
1,0.4830635575974947,1,1,0.8371944382799054,0.7461419901238286
0,0.896984090297648,1,1,0.4100051344386802,0.46161388198106945
1,0.30495098064664733,1,1,0.8602747232141982,0.8801937282139258
1,0.6423505981979403,1,0,0.8122179692028423,0.5287690857087075
1,0.37050519136937515,1,0,0.8680123920277114,0.4023366687878428
1,0.4912135398728007,1,1,0.7688714650710865,0.931641813221304
0,0.09327593613129838,1,0,0.5874925744411461,0.9755255781795075
1,0.5205938777955278,1,1,0.7591901060600696,0.725733677719918
1,0.8790525891830987,1,0,0.6503260544277624,0.4274248233531982
0,0.5008691167034417,0,0,0.7507810933175064,0.7814392478877961
1,0.5734326395263568,1,1,0.8407926795715404,0.7580861074949907
0,0.0603899800278559,0,0,0.8258527895181375,0.8964458334031871
0,0.5590096715217557,1,0,0.43722267330685866,0.6941858770385199
1,0.3234148050019057,1,1,0.8039838373503994,0.8119891266461299
1,0.6041800954873607,0,1,0.5352796303741215,0.8768391875664073
0,0.15501693435022734,1,0,0.5678055202453374,0.8728044742697063
0,0.4400194696990531,1,0,0.4165362767100222,0.7816798052054055
1,0.42522923867105206,1,1,0.8224792590052609,0.8064976990016334
1,0.32801517451695644,1,0,0.8599838660413781,0.45585200361317324
1,0.3838510659052692,1,1,0.8876158378120542,0.9630624326350531
1,0.8206573106359568,1,1,0.5864419939939972,0.7094796751301601
0,0.540170312832525,1,1,0.3953466049022047,0.5059002579031233
1,0.6236354662563571,0,0,0.5110837275409501,0.49836753677470325
1,0.8544640303180154,1,1,0.7067852198679293,0.7734149534476462
1,0.906710190706557,0,1,0.4095712382374489,0.7064779340565353
1,0.5070318019991814,1,1,0.8476095459038967,0.7364539943567537
0,0.4031853746922114,0,0,0.8288121225069419,0.875507716006771
1,0.7364389801509402,1,0,0.7383145783513118,0.46202552753613907
1,0.24254993727011906,1,1,0.8206114433050409,0.777181626918722
0,0.3814981736053406,1,0,0.4478279246100854,0.8810851941837572
1,0.3574604263005422,1,1,0.7777037167142626,0.9013913846594555
0,0.48745393246852187,1,0,0.5424821424719374,0.9109183113741093
0,0.7482337326736009,0,1,0.7376609108154479,0.4112265018876954
1,0.8488441523286595,0,0,0.4304818907887916,0.3229422221936187
0,0.7599324682379304,1,1,0.3756981539304801,0.40637396297743433
0,0.42134784209063325,0,1,0.7022185811097702,0.5105838825546478
0,0.8303762973902666,0,0,0.7338453294896533,0.8008491265214785
1,0.5602450756924866,1,1,0.8250554757967139,0.8499521335573587
0,0.1710334140780497,0,1,0.9703950914509712,0.550146161792536
0,0.08796961671002901,0,0,0.9724280856621578,0.8211543006917571
0,0.6684096944868629,0,1,0.6702239618935188,0.5128700619457686
0,0.6470184276247148,0,0,0.7342642570481368,0.8442748655765115
1,0.8432270968240985,0,1,0.40792677757890505,0.8320806396622389
0,0.6564748066395706,0,1,0.8572552684423549,0.4476496476476014
1,0.7188501668845749,0,0,0.38663061189413644,0.4593992167169523
0,0.5245235784422138,1,0,0.3973377767663299,0.8163674135861648
0,0.19682895850781174,0,1,0.8046987484669244,0.6931497380177793
1,0.18917257492971967,0,0,0.5517918331327548,0.4105932779906714
0,0.6902678708675382,0,1,0.7238509328799831,0.471999698679663
1,0.2888366560762786,1,1,0.8880747474142046,0.6905556392066416
1,0.6129347573515459,1,0,0.8090972834919576,0.43496028199836617
1,0.5849513385047591,1,1,0.8161592105784711,0.7470183502591642
1,0.9391844693617168,0,1,0.3465989826973823,0.7733699433406573
0,0.5297092625459398,0,1,0.8128875164743979,0.5477241090141558
0,0.7540290109881019,1,0,0.3475659287433118,0.7021214366203228
1,0.9816036387792518,0,0,0.38038517606735395,0.4970489326436761
0,0.504003108622167,0,0,0.8013677171313028,0.9015573515608475
1,0.2712272346243256,0,1,0.5244101324113811,0.8487902223018563
1,0.4783257509864077,0,1,0.5060999393198773,0.773287334816893
1,0.9057037471964062,0,0,0.3568321785420081,0.4102289197091894
1,0.6619860107463378,0,1,0.4033428187649517,0.6847818606413366
1,0.641109761705987,1,1,0.7813480566480332,0.8418233564665859
1,0.6141008426224359,0,1,0.5008281865141697,0.6408825266022868
1,0.6961134205323847,1,1,0.7566231648170743,0.8100483806559206
0,0.31645623337110956,0,0,0.8470257666760043,0.9034079248353711
0,0.18638357236108533,0,0,0.9314485515477422,0.9018089543035075
1,0.47326079459500026,1,1,0.7247080616760857,0.8219078754588991
0,0.59142338063865,1,0,0.47893451006221704,0.7579396218044726
0,0.5900415370196892,1,0,0.3771625153777833,0.7428487433678376
0,0.9288953835758081,0,0,0.732460797809316,0.7203971781259948
0,0.7352359044389203,0,0,0.7358369943956931,0.7232644704030841
0,0.42651238803576913,0,0,0.7648117335786756,0.7762210276507419
1,0.2969397934844534,1,1,0.8042139787696537,0.9595766415178589
0,0.3704777346873666,0,0,0.8758483938366493,0.8487433036292038
1,0.061565454928673144,1,1,0.8735584628252421,0.9539949878458859
0,0.114116032366237,0,0,0.8737241537440511,0.9234541492213446
1,0.20552627490998387,1,1,0.8583789438667042,0.9627339961580915
0,0.5315212491484111,1,0,0.4155491188681492,0.7748149072804913
1,0.8655131343659349,1,1,0.6861712093362962,0.6765716993444637
0,0.8143175208301715,0,0,0.7303522664714931,0.718742597055122
1,0.29883403474015574,1,0,0.6765580764576336,0.605674331421718
0,0.6733106685180044,1,0,0.5287224305856297,0.7007586824695053
1,0.2004082724477742,1,1,0.9312441745463742,0.7764168153356314
1,0.2936962792224171,1,1,0.791829478043304,0.8292535856163302
1,0.5265870247785202,0,1,0.42837328291145627,0.776769868798503
1,0.4334684281335965,1,0,0.8741466493568497,0.4547313968902956
1,0.15230310549636822,1,1,0.9351146603137089,0.94603549171172
1,0.17950950311318808,1,1,0.9084310665899575,0.8996444892539752
1,0.3189292703415356,1,0,0.8050078583159096,0.5228939273522508
0,0.32334401487685155,0,0,0.8565849818444488,0.9489473322519825
1,0.45589487542888446,0,0,0.49781301259352073,0.5542474326751125
0,0.24321011756077365,1,0,0.47645717805664944,0.8637828869435107
1,0.7196352381571754,1,0,0.6838019449066401,0.4489832401975529
1,0.5833618405233907,1,0,0.8870024048062806,0.4491419594147555
1,0.5108435396349772,0,1,0.49997139260681533,0.8854624236806905
0,0.16059456283092094,0,0,0.7868425608525234,0.8334782731774247
0,0.3016931640126926,0,0,0.7342185242897102,0.7988121218450835
1,0.5141527415665216,1,0,0.7363526567398463,0.5404134329313878
0,0.23599827878179536,0,0,0.8706170837920533,0.9069730314730092
1,0.4661273367848505,1,0,0.9379556586686445,0.4262553194762563
0,0.38500077432170954,0,0,0.8027798757806781,0.9342831140782636
1,0.3790383884491509,1,1,0.8380530087053205,0.8041617772456325
0,0.7775326912693078,0,1,0.6646757520149271,0.5356412454907107
0,0.4572743960045697,0,1,0.8367224638310402,0.3913758558334417
0,0.5125129097681215,0,0,0.7568680854186494,0.758773287900959
1,0.40871346405725845,0,0,0.4911208291358864,0.3826077760717686
0,0.4651225217482498,0,0,0.8555928025765819,0.7582262957716904
0,0.8019438139310778,0,0,0.5902349346421853,0.758230170689344
1,0.7517999199632771,1,1,0.6730314158099984,0.7930229026822907
1,0.929232331628002,1,0,0.7585313621125344,0.46112951125350027
0,0.1477307892528032,0,0,0.81102094311035,0.8827148428064957
1,0.21933236098315445,1,1,0.8877200569771266,0.8833643312067253
1,0.37120116821979615,0,1,0.4716000067065837,0.7850108385242406
0,0.5709950889242,0,1,0.8304592090761714,0.534480135948721
1,0.8846424282600225,1,0,0.7179579599050315,0.42028000181978764
0,0.37361027882828013,0,0,0.732364538965511,0.792062457506879
0,0.375278615840492,0,0,0.8556556271854592,0.8190673528088322
0,0.13987115308588344,0,0,0.8696830936099222,0.785759832945523
1,0.38521101499014454,0,0,0.44498819734320316,0.4420723381583437
0,0.6573491075988319,0,0,0.6643778456148444,0.7289419837412482
1,0.859510461927062,0,1,0.3683769233609857,0.6535261125702572
1,0.47300267293692116,1,1,0.8255551509537052,0.9080471540418916
1,0.31527144390828094,0,1,0.4662041012359628,0.7861255453254185
1,0.6753632064750493,0,1,0.47098396014003396,0.8373851569369041
1,0.558306753927442,1,0,0.7795165775049676,0.5753120110113444
1,0.46840474166280627,1,1,0.8295813369063617,0.7759317032779888
1,0.5595445968381727,1,0,0.7397005848657177,0.44146276074097274
1,0.33980216184784573,1,1,0.7574041669308939,0.9380974050979649
1,0.21855235302463416,1,1,0.9207877549822328,0.9818366090430355
1,0.7907289814807582,1,1,0.7849190069138691,0.770008506558362
0,0.09673181674013605,1,0,0.6298818372287303,0.962762156935688
1,0.7565497652289567,1,0,0.7193862343784633,0.3810014741374641
1,0.3649343502204581,1,1,0.8941485689336436,0.8934163626871955
1,0.6526703777652156,1,0,0.7935818887786588,0.3574165559569672
1,0.3497651759133217,1,1,0.790001133527968,0.7602363440059563
0,0.4109499421318406,0,0,0.8195328079692243,0.8906338679756725
0,0.4976889180681493,0,0,0.6999685241337794,0.680292843558779
1,0.7406286539829802,1,1,0.6961408896282287,0.8377378396056451
1,0.07715864762539942,1,1,0.8496914491875888,0.8325362578524722
0,0.253622892801047,0,0,0.8826141281964087,0.8319496073649079
1,0.3445096648722799,1,1,0.874459715402626,0.861433918965428
1,0.22250128922543883,1,0,0.786161470272523,0.5248174114086677
0,0.33683576924524256,0,0,0.7963239074702977,0.7791356140718615
1,0.4836450529527855,0,0,0.5090833153474432,0.41465450414527294
0,0.9021045467459314,1,0,0.2702042427722366,0.8037595490816322
0,0.11330277297616377,0,0,0.7777838289248225,0.9640347670876608
0,0.7444793393426562,0,0,0.7049044018925252,0.7422296596787042
1,0.49693792507812173,1,0,0.7803490635034456,0.45897040128628375
1,0.4307897838825629,0,0,0.4097591866105974,0.38487032879453004
1,0.6383366004898973,1,1,0.77509205809483,0.8462648141866256
1,0.8127689432115206,1,1,0.7753464616978775,0.7722880744691637
1,0.8859810984536465,1,1,0.6934233402346209,0.7749721766503337
1,0.8413006577293046,1,1,0.7298958442812594,0.7930502178860199
0,0.7392755080795269,0,0,0.7471633402261775,0.7050150668190136
0,0.0299986774044593,0,0,0.8084637266476136,0.9028551625551681
1,0.3811999352136402,1,1,0.8858915309829776,0.8022909939051363
1,0.23387582648014482,1,0,0.7737293753775791,0.618174240213174
0,0.6156632347612179,0,1,0.7981363508403919,0.46445975447617976
0,0.596095931859299,0,0,0.7601205759138467,0.86781857042564
0,0.5441286054767954,0,0,0.7144942384120455,0.8618088009236872
1,0.5442744827759033,1,1,0.8726879094704747,0.8415412171693647
1,0.3416576365831415,0,1,0.5333630693600401,0.7915155701300498
0,0.8418679322345379,0,0,0.7630908113589674,0.7339336855921482
0,0.5010567828018498,1,0,0.4883770123534647,0.8806218476820387
0,0.5632245112649927,0,1,0.7795448201208813,0.5414253215444708
0,0.6842288374844478,0,0,0.7694351839426595,0.8161646815321005
0,0.44096072912363904,1,0,0.501933687682883,0.7734639695399812
1,0.6772817035410345,0,0,0.5300976237056556,0.4730258261394816
1,0.7243533803403207,1,1,0.6579065034349214,0.7747516414957436
0,0.4212601861013071,0,1,0.7661396812256175,0.5199404950367205
0,0.5652206630533445,1,0,0.46978868309455063,0.8045931022584524
1,0.4956804419782844,0,1,0.42389794443249834,0.8629324181972905
0,0.7160106374150601,1,0,0.4928574602185689,0.7446775646460929
1,0.5703538460998725,1,1,0.6759193655209187,0.8409750589638302
0,0.6785888612903603,0,0,0.7862665029847121,0.7936333411404184
0,0.23443897816833628,0,0,0.8886919994180291,0.8301126821929216
1,0.2447769702775155,1,1,0.7742835873914744,0.8070894245249608
0,0.5238572060235726,0,0,0.7310635597745719,0.8821567108123807
0,0.3372912693493517,1,0,0.5238317302687922,0.8192594936474813
1,0.5850839665375348,1,1,0.8029730712480887,0.8130953481321938
0,0.5962350072516014,0,1,0.8033249680861559,0.6046663515314006
1,0.1266028835187956,1,0,0.827133460447742,0.5432923885313816
1,0.4984665742465254,1,1,0.8253642336484698,0.8937457497220498
0,0.06602031932276684,0,0,0.9786384073931894,0.8940397274534617
1,0.8991180188125245,1,1,0.6969436200236169,0.7581274135964019
1,0.8255555626739991,1,1,0.7138976384592449,0.74541720945258
1,0.3935750996921038,1,1,0.8898645622101307,0.8853890024689021
0,0.8634981649367842,0,0,0.7358758407841816,0.6984559052813047
1,0.1709921370048263,1,1,0.9130117392736096,0.8467647880666828
1,0.21801666796170158,1,1,0.8674397843028965,0.9221721798179495
0,0.4573953134998754,0,1,0.7214573987184888,0.6536922415887192
0,0.6341920608172162,0,0,0.6690755757990605,0.7739913099075918
0,0.5048871646678966,0,1,0.7930483651883385,0.38525408640857894
0,0.7259946020085661,0,0,0.6563635828728797,0.7830537352840145
0,0.2511217412730595,0,0,0.8728028374209236,0.8260826721637521
1,0.22618608635151435,1,1,0.865710191505302,0.9166106724906705
0,0.623470724523915,1,0,0.518710278783129,0.8344604413669183
0,0.26743434839634883,0,0,0.7674019686817851,0.6962448808556492
1,0.32319843849308066,1,1,0.9442095333495741,0.879947806262258
1,0.4208707151146694,0,1,0.4797654987816532,0.7719960905975138
0,0.5554012134685661,1,1,0.43310120570322846,0.5144426413801483
0,0.11233919248385665,0,0,0.9045785578665505,0.8885492207996678
1,0.7480859995285948,1,1,0.5667886654381802,0.8242165914252861
0,0.5755668327235782,0,1,0.7946954700013197,0.4613185826818188
0,0.06770885328755608,0,0,0.8823256251650919,0.9441914110587488
0,0.07146787025692483,1,1,0.45315913388772655,0.6206949223325101
0,0.16220579254640372,1,0,0.5641250377233299,0.9272718458732612
1,0.7112523183474474,1,0,0.8025285617354075,0.4745071664890067
1,0.500368405173152,1,1,0.8591942073458471,0.7881119972162685
1,0.43317306884268303,0,1,0.45385418570771807,0.8200608837489867
1,0.07323853699347833,1,1,0.9351752116872714,0.9007752328850019
1,0.439601050288729,1,0,0.7468615705441963,0.495008108392422
0,0.2000844051852041,0,0,0.9216521471092887,0.8510940864549972
1,0.5232151409157824,1,1,0.7836575955497544,0.7556361855023053
0,0.38461571511724446,1,0,0.5207977262415386,0.8722691579214313
0,0.5178684928994608,0,0,0.687259541776038,0.8837035958887766
0,0.8722240532413534,1,0,0.29473615178709445,0.655527078342643
0,0.5601571566651178,0,0,0.8010273848547129,0.8206743632436905
1,0.08030566828608798,1,1,0.8535656130025627,0.932919957346514
0,0.7589647422043656,1,0,0.4188081853466457,0.7682355727970552
0,0.5472943510485335,0,0,0.8496364549278214,0.7948424014843352
1,0.19948282206713605,0,1,0.4742688076695248,0.9256441197467643
0,0.5537294511029361,0,0,0.6902277660440242,0.8388577871233461
0,0.46835054812998433,0,0,0.8317996611757602,0.7813614919617168
0,0.17633084905730062,0,1,0.839481151800726,0.44263744082614087
1,0.615021980841504,1,1,0.7634605490793182,0.7059053003289276
0,0.44190105687697256,0,0,0.9023137325173946,0.731014345619632
1,0.6808544760584169,0,0,0.451775635611238,0.4943134393954828
1,0.1924943251068017,1,1,0.867611811007056,0.8653005499777867
1,0.2836747564388375,1,1,0.8367993411327271,0.8608137041828362
1,0.3083532140597921,1,0,0.7273261799669696,0.5347976884829718
1,0.18203831505377666,1,1,0.8711215399080999,0.8741853596840401
0,0.7043125679943658,1,0,0.3664583291358528,0.7382760210213775
0,0.7957468261895543,0,0,0.7868110841385391,0.7086846982981783
0,0.24639260297173268,0,0,0.7928844357605573,0.9522883773168063
0,0.40686752011956834,0,1,0.7875438349661885,0.555727767901694
0,0.1867197429706256,1,0,0.5098639566496208,0.878989852250771
0,0.773444271692088,0,0,0.7256778482300789,0.8304728675251918
1,0.545106015287344,0,1,0.39831204037314627,0.7271430810278123
0,0.7694002823913138,0,0,0.7127617268440103,0.8150678225280696
1,0.8119708825933843,1,1,0.7618971301326608,0.7554241736278978
1,0.20508397141990373,1,1,0.8454465102734365,0.7785866798856688
0,0.4557178818586819,1,0,0.47711831069250427,0.7973306983640251
0,0.7388221021179012,1,0,0.4162183093693265,0.8087089445251259
1,0.5305011002647845,0,1,0.45308649644915816,0.8425484613629572
0,0.6960822437257512,1,1,0.4598557109604924,0.4997910993743815
1,0.7889160117829045,0,1,0.4213652651720814,0.6761458273251496
1,0.7038897591676403,1,1,0.8461079326139753,0.7617868903513481
0,0.7314087571906409,1,0,0.4692705999398224,0.7821793739321292
0,0.38492966502530623,1,0,0.4409227126464931,0.8191422637320986
1,0.7832322848684706,0,0,0.47296972383511665,0.470916194879982
0,0.4395988172865815,0,0,0.8067841292489178,0.7559866127281565
0,0.39324639672474093,0,0,0.7664682773489809,0.7845009844880644
1,0.7591622930003477,1,0,0.706003345806549,0.5025553717985052
1,0.5437632031232658,1,1,0.8240175811442007,0.8331034229025273
0,0.6349994595928619,1,1,0.46355402527461614,0.476740948083139
1,0.6067629076563839,0,1,0.5419566129368655,0.7838896787470703
0,0.6007189797538861,0,0,0.8089647323043236,0.851826737728147
1,0.6594715186284332,1,1,0.7722073722655698,0.7272975919240394
0,0.21574819418657165,0,1,0.8471504162085863,0.6192963776726694
1,0.5523467430642578,0,1,0.2965258892410946,0.7433543936386522
0,0.32510494082722313,0,0,0.7930841456670601,0.8404778614073692
1,0.7599858855100083,1,1,0.7325726169467913,0.8335559989317953
0,0.21209001225864044,1,0,0.48138007106576647,0.8817138799875712
1,0.37733767742533453,1,1,0.8546003010144781,0.7922138763926087
1,0.7692391416300599,0,1,0.3882533155494178,0.8039888789782937
1,0.05581599647992076,0,1,0.5415413225500086,0.99
0,0.5978836997126047,1,0,0.41210318902957366,0.8539617957188849
1,0.2449553328736207,1,1,0.8940589507533727,0.8005541866721745
0,0.7307686827978969,0,0,0.784429087910005,0.7098009445138636
1,0.4489968469045576,1,1,0.8441944454744249,0.7571112921081538
0,0.4090098468812228,0,0,0.8343768710086205,0.8156442663061751
0,0.4924659596201903,1,1,0.3688002044693507,0.4596037079537617
1,0.26785405797081674,1,1,0.8423639938802328,0.6525516817592865
0,0.5346394802453074,0,0,0.7283088134840203,0.7828023299385979
0,0.5082237777076273,0,1,0.7986251036720259,0.4560059658952694
0,0.8530353454755241,0,1,0.5902722632629985,0.39272732688157597
0,0.5448262114012338,1,1,0.5456258851660001,0.5185337508397864
1,0.5328708148534351,0,0,0.43458986547923567,0.5412892742497412
1,0.31265671123404,1,1,0.8067830587731807,0.927824422461041
0,0.364789065436933,0,1,0.7947840536726978,0.49106545143344876
0,0.19179517524667603,0,0,0.8571738758871494,0.8102206317686081
1,0.4440608245540514,0,1,0.4564742263509726,0.8712235572971883
1,0.4834003530352925,1,1,0.6931305780514909,0.8209471160603985
1,0.3648037904364283,1,0,0.8519861920722874,0.5975837719751286
0,0.36815034934155894,1,1,0.5048942805954701,0.5062546840729211
0,0.3901530649727717,0,0,0.7426027498354468,0.8173132248268006
0,0.8132125324028832,1,1,0.41063273814862694,0.4403296637752886
0,0.7456417816350084,0,0,0.6593078933404252,0.7685671016272224
1,0.7251346150436879,1,0,0.7181569999157172,0.5021146503719021
0,0.32677393060176896,1,0,0.5133400607154444,0.9307941020480999
1,0.26968371914275635,1,0,0.8114074411694912,0.4549546280254046
1,0.5374359683010597,1,0,0.6256668163042192,0.5265922067504744
0,0.21159913149007667,0,0,0.8675202408827197,0.8772816028702972
1,0.09578187848427848,0,1,0.4977199093762315,0.9267206575222088
1,0.7451923432474444,0,1,0.3647536123877347,0.8571912718232734
1,0.5692813385159068,1,1,0.7702719920944023,0.7479096047745617
1,0.03928542123113015,1,1,0.9137474005320421,0.7579034327000446
0,0.6518919023248883,1,0,0.5062695825413223,0.8118031343922133
1,0.510090633148717,0,1,0.5512643795893208,0.8329960792575062
0,0.3981298925117156,1,0,0.44988530426560547,0.8368297694958527
1,0.7413458489947752,0,1,0.4314373967772363,0.7353479749066681
1,0.18300735800554271,1,1,0.7731246755263015,0.870382309418056
1,0.48031088735407623,1,1,0.8191781021224683,0.7282183819041816
1,0.6598113532960178,1,0,0.7942206236563791,0.49004682323022286
0,0.6845496928671608,0,0,0.7290815264887057,0.8001801752285124
0,0.36852689941578826,0,0,0.84354824626523,0.8457064867265437
0,0.7411455550713445,0,1,0.7815274631804148,0.5292774384434616
1,0.28565597171003976,1,1,0.8021314692497158,0.8011282501654865
1,0.4331650500471026,1,0,0.8753925867508647,0.43943455597192604
0,0.3806854916605181,0,1,0.8051097010327893,0.5063178025929702
0,0.5066570943139782,1,0,0.3954804682688082,0.8928086298930357
0,0.57558938732914,0,0,0.8749337810871498,0.7761384183495182
0,0.7218521283410055,1,0,0.42218473131810647,0.6791033485650886
0,0.11592748091638234,0,0,0.8747841965335457,0.817406281217078
1,0.40299777704220285,0,1,0.5498093218748014,0.8650560028047618
1,0.5952482021421709,1,1,0.7498766304041096,0.6868595349021368
0,0.2802175954880812,0,0,0.7462768858273149,0.8314344532843289
0,0.26517279445164604,1,0,0.4288240868639059,0.8841873004837691
0,0.11822691818171414,0,0,0.9504002267718041,0.99
1,0.3444916253416971,1,1,0.8781101899460275,0.8620117152747722
0,0.46767638135010864,1,0,0.48505960988524244,0.8185617301300427
1,0.907442878656688,1,1,0.7290370800992061,0.6917730262903032
1,0.2929635468734978,0,0,0.5112641717262342,0.4408294092914473
1,0.39927221981930566,1,1,0.865525423210702,0.7809795975172062
1,0.6815346222915724,1,1,0.8385050007423681,0.7083553234182021
0,0.3269559504659749,0,0,0.7485739485042675,0.8559095056171381
1,0.7052225954902023,1,0,0.7675313147697088,0.3558367020759191
0,0.4469119196530678,0,0,0.8016447943591025,0.8078835070436209
1,0.3631414897967704,1,1,0.8960072711164208,0.8176574030235207
0,0.6993113951752994,0,1,0.6977394474459006,0.4421769156096041
1,0.4585355413185334,1,0,0.8884893307574983,0.5014604102032991
0,0.2840201792602224,0,0,0.9186019778566327,0.8992049165110201
0,0.8578068970691818,1,0,0.4911033894649855,0.6559683802651988
1,0.27392158968929115,0,1,0.6165453571034124,0.7610351116970777
1,0.5189859005378812,1,1,0.7916841556848101,0.8427833010343115
1,0.14198675380711764,1,1,0.8356132529277029,0.9296453508281257
0,0.326558954199078,0,0,0.81277571767368,0.8692418118299248
1,0.33590446640868393,0,0,0.4761575384937339,0.4804147066984068
0,0.22558117501485242,0,0,0.8553935209697678,0.8697814734342144
1,0.4094300595686815,1,1,0.7976401329739328,0.7685989825820426
1,0.3563729588739349,1,0,0.7923151259556865,0.5060596123822293
0,0.8384507063886161,0,1,0.7631644471623675,0.3384309190240922
0,0.9130961381206862,1,0,0.2528466813785093,0.7637644727288134
0,0.8403512754822416,1,0,0.3986469570717204,0.7172694542489485
1,0.8714119379734212,1,1,0.7350370420636174,0.7865700085646181
1,0.062179497285000856,1,1,0.8689221195162834,0.8187269662191703
1,0.8654150416370091,1,1,0.8087526965383289,0.7294369264557691
1,0.8687313353883722,0,0,0.4415245124545732,0.44254742093662364
1,0.5342316915139405,1,1,0.6716338809916403,0.753976904824209
1,0.8183596744213079,1,1,0.7694425998792926,0.7103815043649588
1,0.5682774294463998,1,1,0.8346726351191631,0.8105808599778938
0,0.5804733010507268,0,0,0.8304193496588101,0.8143237270919992
1,0.8399609761664693,1,1,0.8196232546432997,0.7552117441354756
0,0.5632689821078506,1,0,0.3963718827318989,0.8105762029362343
0,0.3335103268881155,0,0,0.7716202979992162,0.8341275495555149
0,0.2468798715342739,0,1,0.8344815834705875,0.4939540267226865
1,0.4241587303425322,0,1,0.6200456233806605,0.8047480782539921
0,0.6984349360749317,0,0,0.7854647874203244,0.7563618999402597
0,0.5739731582159413,0,0,0.7754032755706943,0.8137458948396066
0,0.3107679533331086,0,0,0.7885844386773379,0.789230066349502
0,0.36050303235200415,1,0,0.5517562741314239,0.8767979413174894
0,0.6511182184860695,1,0,0.3980794298422948,0.7852997854532413
0,0.3881369788568868,1,0,0.5399856639533908,0.8269479116041474
1,0.5517947321698624,1,0,0.7973956707625466,0.5689836407793339
0,0.7060686010235924,1,0,0.49960258349721376,0.852665553413317
0,0.631388350647117,0,0,0.7668417334774209,0.8433622733631899
1,0.5727542120612741,0,0,0.435734894596436,0.4553334323304282
0,0.3927092440360494,0,0,0.8281013731439344,0.8814577450830403
0,0.4463478115102841,0,0,0.8291162560633526,0.8881511873025255
1,0.08366117575149737,0,1,0.5585099226890556,0.872619528535586
1,0.3241313975778868,1,0,0.838619161760266,0.4788824736305873
0,0.5096448104206761,1,0,0.3662410921332198,0.7461943964265748
0,0.346417922997509,1,0,0.5158257255100476,0.7081495054645435
0,0.23210620232052337,0,1,0.8785324466586161,0.5486832022027082
1,0.12938194210310433,1,1,0.8168589308464415,0.8989776540678416
0,0.2703877070900178,0,1,0.9071360484051698,0.5294351832339443
0,0.19051558689576872,0,0,0.8827337553820309,0.8500486149376997
1,0.1977631349324121,0,1,0.539259119525166,0.9629918845149769
0,0.6139661762346365,1,0,0.4494702206865939,0.7276030408747295
1,0.7082885463394621,1,0,0.7660980585727256,0.48274604532121995
0,0.3904410478644998,0,1,0.833997221488216,0.5276428707111931
1,0.29951596176523737,1,1,0.7368583451314332,0.8344978549638513
0,0.5953149625782475,0,1,0.874760779545002,0.46124943807790914
0,0.7771919242575822,0,0,0.8720504284017494,0.7670207669280387
1,0.42545800893080843,1,0,0.7792004374454643,0.5465674692095377
1,0.8750762889764183,1,0,0.673390559741688,0.42849444063345055
0,0.3717044485244187,0,0,0.8009674753504166,0.841379261012491
0,0.2729103099349657,0,0,0.7395396798132513,0.7582736474260089
1,0.20375441128433744,0,1,0.548524255025046,0.7803042673644512
1,0.12316972695705083,1,1,0.8314985793560004,0.8878832023152937
1,0.2377565969864103,1,0,0.8126060928991614,0.5677551830193024
0,0.4545289337628999,1,0,0.40438999581664625,0.8178455679434079
1,0.8886774016950512,0,0,0.5020866338846515,0.45153920715889445
0,0.7098830955480109,0,0,0.6999192635405923,0.7142635315963642
0,0.8067764871823715,0,0,0.832230282303463,0.8098511211686223
0,0.6524871276314788,0,1,0.7850898474888738,0.5032705331963129
1,0.21988265054140507,1,1,0.8898067470184404,0.9617287259092918
0,0.8584023531267925,0,0,0.7488706450249089,0.7632920224059417
0,0.7537253409724732,1,0,0.3450381215229193,0.7981793818099893
0,0.4475164301014222,0,0,0.7930450133839686,0.7841002876877596
1,0.42814846390127176,1,1,0.8327389475591871,0.805000773238729
0,0.5594328240316212,1,0,0.4675568299433694,0.746321830195884
0,0.42662417288272764,0,0,0.7879829856396765,0.7554799618387289
1,0.5754816730769365,1,0,0.7837852758860954,0.598238020275135
0,0.1881953108978086,0,0,0.8121986110014329,0.8234823098963278
1,0.1793489489694637,1,1,0.9550333842238276,0.9652225445388257
0,0.635374018893422,0,0,0.7015715260924623,0.859933595864028
1,0.7758118345572396,0,0,0.4671570606142107,0.49765307917858714
1,0.4424316807400894,1,1,0.7414785161943744,0.8094648677851173
0,0.8288545840935173,0,1,0.6949791901417801,0.4842881696745212
0,0.4262895169883796,0,0,0.9042830946936711,0.9022672044627066
1,0.6178573741218133,1,1,0.8066313702494091,0.6741700388306164
0,0.8240312199705356,1,0,0.40978452935116716,0.7784796296143917
1,0.5854784062817247,1,0,0.7431797947633901,0.40855312020887596
1,0.2803093456142351,1,1,0.8766342175267652,0.7724092474333603
1,0.49708479430375935,1,1,0.7180847101598584,0.8547327457523555
0,0.9273636329156079,0,1,0.6956184067499646,0.5360299423050905
1,0.45967333540698374,1,1,0.8138687938810553,0.922711408919121
1,0.4477181551377485,1,1,0.900533585182858,0.734198630359592
0,0.8375250638900925,0,1,0.6567051621928358,0.32903424815596494
1,0.609377808646923,1,1,0.7884142490112579,0.8238387890590819
0,0.13782367986739907,0,1,0.8539178833019455,0.6245871758463954
0,0.3313563373401998,1,1,0.5123540992605704,0.4210132073936688
0,0.13746605738375303,0,0,0.9297641977724677,0.9161285466258984
0,0.972370699552342,1,1,0.28758024686107797,0.3420391132128466
0,0.781257912667599,1,0,0.44508707659216956,0.7416238185506661
1,0.8260137262890053,1,0,0.5672799157175741,0.4053943252709434
0,0.02037527378978508,0,1,0.8413415866361977,0.5636077947034599
1,0.47963502146628545,1,1,0.8317284690192838,0.9253305769899154
0,0.7033175492586177,1,0,0.5198942909046345,0.7513765124569337
1,0.350038476316203,1,1,0.7581906475449033,0.8615906683624783
0,0.32537426747629344,0,0,0.8514679889931308,0.8991062816201105
1,0.6495830441890238,0,1,0.4207423066064601,0.778837127888319
1,0.9747228343875056,1,0,0.6969806577997822,0.4695018947134993
1,0.2938069255864034,1,1,0.8831487038752392,0.8215565202326318
1,0.9469972202511445,0,1,0.4026047742343572,0.6928313542840467
0,0.6367312058273428,0,1,0.7914270249044913,0.5383098546439683
1,0.3909258213049666,1,0,0.8048117423657022,0.47417163279874114
0,0.3782395303417968,1,0,0.48402643162829556,0.8627975998978283
0,0.3037640659730125,0,0,0.8745276755227094,0.7836291970781584
0,0.2732609647524092,0,0,0.8109883884472779,0.8628750334871004
0,0.2530225348315271,0,0,0.8809387339326868,0.9021681567747963
1,0.5918227012113206,1,0,0.7070812228035962,0.41632508384952704
1,0.44853743436995525,1,1,0.8132132215097989,0.8631860954455977
1,0.2387116517192525,1,0,0.8307652544295305,0.6203170835938707
1,0.7251500226468425,1,1,0.6877513895350186,0.7372751322030789
0,0.7277318649667395,1,0,0.45311615297731517,0.7837547928626445
1,0.6568107755271353,1,0,0.9230188499466624,0.36780507072440183
0,0.821398277529374,0,0,0.7165925997772828,0.808547940158509
1,0.32038914133896074,1,1,0.8316787363716073,0.9882318010715838
1,0.7094168589002172,1,1,0.6422876029910286,0.7558017315666267
1,0.4432472540393311,1,1,0.7895938297841667,0.8108432483368683
0,0.34407668882218445,1,0,0.41156536203797633,0.7234984336829087
1,0.43052259638442575,1,1,0.7545089567739703,0.9443481597990169
1,0.2976979063579807,1,1,0.867848682252681,0.9791209515606338
1,0.624258106753646,1,0,0.8269349767114229,0.4406972550568775
0,0.93553683090794,0,1,0.6042796062569685,0.382094373878483
0,0.6507063451626267,1,0,0.5215544125433791,0.7929115058898693
0,0.6773023254094275,0,1,0.7723426815591239,0.5050365238196348
0,0.33338591584012,0,1,0.9207575286700125,0.5250109987811656
1,0.8407442163677965,1,0,0.7379786771456629,0.4032859025255808
1,0.7262734979383414,0,0,0.5608616255951786,0.4812159381868657
0,0.31055579094196545,1,0,0.5242545948420226,0.9000828343494323
0,0.7895319748766357,1,1,0.45004278820828386,0.5011000668082284
0,0.42463405398698006,1,1,0.37845251218331727,0.45921993423024693
1,0.453650349653047,1,1,0.6787688067457203,0.89845057023115
1,0.5611103791780899,1,1,0.7830452240683049,0.8099656441391108
1,0.8710717002454362,0,0,0.27303175720909384,0.49189402106143043
1,0.7400561059455777,0,1,0.4408745834916065,0.9358211943174293
0,0.5055061718762438,0,1,0.7852562979304918,0.4454055747928942
0,0.7029518893591229,1,0,0.4609634872198315,0.7833722876302114
1,0.7150031705696825,1,0,0.7616755915326873,0.49586031226026345
1,0.5689151284027488,1,1,0.8451556140673284,0.7322600550481604
0,0.370716051801884,0,1,0.8350634629843534,0.4102500237062841
1,0.17338175116677726,1,1,0.7521721518767441,0.9704680735370139
0,0.5119349274529313,1,0,0.4488257413877688,0.724884772796737
1,0.5656841555540372,1,1,0.732006303244446,0.8109875926592015
0,0.5498504320803033,0,0,0.8376613824393037,0.7933792803353953
1,0.3665255003417213,1,0,0.789744138626539,0.4848002772255036
1,0.7984167530982454,1,1,0.7003562889854602,0.7920044334355598
0,0.671454742620176,0,1,0.7453025210250678,0.43286945025919416
1,0.4011039880418503,1,1,0.8772370432259866,0.8492308289418328
0,0.8040162912343662,0,0,0.7718565110188658,0.781926125365451
1,0.4055083794812434,0,1,0.49357877108894593,0.6709860959289713
0,0.8269700477155684,0,1,0.6664101032853219,0.43154080929054367
1,0.6684819769382094,1,1,0.7503769006795199,0.7531033323075007
1,0.3144561737618135,1,1,0.8982411905274124,0.7787924400691324
1,0.358878812493996,1,1,0.895940085261092,0.8272897276254563
1,0.42476471263911264,1,1,0.766033480434178,0.7500537675954286
0,0.23974060592196633,1,0,0.5055213505068588,0.9074688830977728
1,0.3291765179261646,1,1,0.675888709040983,0.9303330156920214
0,0.4065176881867557,1,0,0.4433939148631755,0.8551522020971277
1,0.40132383106821645,1,0,0.8304160209317223,0.5279487948790162
0,0.6320433907298957,0,0,0.7029177168296189,0.8149719026784706
0,0.3335039673668353,0,0,0.7954695646323979,0.7587695627665293
1,0.41586919380751497,1,1,0.8161923066369615,0.9174451663594995
1,0.25261882354450516,1,1,0.8621418725236827,0.8405687294207402
0,0.7433662365428418,0,0,0.7307684311465531,0.5781910620021271
1,0.5198318164941078,0,1,0.4921510238670981,0.7987696039488468
1,0.40260958195717184,1,1,0.793887670777286,0.7894271380237226
0,0.5138788503139385,0,0,0.8411528073960409,0.8201840600853505
0,0.4327558976607757,0,0,0.7420512830092978,0.8925698017934776
1,0.7504338892073095,0,1,0.4780737661441294,0.7215220409956635
0,0.5964275666901704,1,0,0.4320868786353936,0.7974087329397972
1,0.8360187150042662,1,1,0.8026150651737973,0.7807161827773711
1,0.38969601749480604,1,1,0.8991703061359929,0.8277407022546746
0,0.6870316085935024,0,1,0.781682269105117,0.40811261734610094
0,0.42518558369096343,1,1,0.44754617946734904,0.38396696261770735
0,0.3503470822571964,0,0,0.7612350304870449,0.7988167550833382
1,0.5989792474366578,0,1,0.5173747860709675,0.8422782738434398
1,0.7215878648994883,0,1,0.3301974091710084,0.8038757751243222
1,0.1660795024552428,1,1,0.8789017653375765,0.8881250153206502
1,0.7717170891157902,1,1,0.6898865825304533,0.7876948904197105
0,0.8274674330877686,1,0,0.28965032840492727,0.6877209326719418
0,0.4471826122429924,0,0,0.7938660475556335,0.9144181518250148
0,0.1274047444569899,0,0,0.9100654033326128,0.9481890256548829
0,0.3438411343626579,0,0,0.8548774462703226,0.8574018831450587
1,0.690643833659923,1,1,0.6368591545962125,0.7437132069837586
1,0.6167895397363128,1,1,0.6826920306767913,0.7811716163405121
0,0.5261893766970661,1,0,0.49863502613248223,0.7450568580478761
0,0.4234729639878874,0,1,0.8759804058100397,0.5331243090993807
0,0.302946981538715,0,0,0.8030907569566513,0.9014958131981886
1,0.32097400330226733,1,1,0.9483601329186584,0.7839852628292773
0,0.2680293603846775,0,0,0.85847398490898,0.8323628279659285
0,0.32865835645250935,0,0,0.9102815591814245,0.8933577231297395
0,0.5200280549835619,0,0,0.9010195066300466,0.9006870356290203
1,0.21113299336061062,1,0,0.8999167815946857,0.5787404281545571
0,0.3212740402720401,0,0,0.7693503637351008,0.7915552259621402
0,0.7179759464159848,0,0,0.8375622885663218,0.8116057610430814
0,0.44193514212917606,0,0,0.708848358551953,0.8045748536473507
0,0.28107154834118075,1,0,0.5510509291329938,0.9005569315775763
1,0.7366614262923689,1,1,0.6300812455587828,0.8343935032499408
0,0.920985732947892,1,1,0.31324107274755875,0.5862607180154902
1,0.6905557435778662,0,0,0.3993287885609666,0.37653495609947096
0,0.5253633018748486,0,0,0.6344742764263737,0.6966080758933534
1,0.7750785100988979,1,1,0.6724720349113914,0.7078306694133009
1,0.5322908077703725,0,0,0.3712536610235404,0.41967177194097965
1,0.3005387277778959,0,1,0.4770760174677926,0.727722963466
0,0.21668399292790658,0,0,0.8492999689978238,0.7876977058024451
0,0.5084956730276401,0,1,0.8913339476131569,0.41035481806589347
1,0.16143083203661285,1,1,0.9033661971972534,0.9281666941460954
0,0.6017185657184875,0,0,0.8521690213919437,0.7644423672364299
1,0.8176596590490975,1,1,0.708420594179121,0.6680400189625316
0,0.6600351328871774,1,1,0.4916830052627411,0.48264075677213236
0,0.37745397940260794,0,0,0.7992554179980309,0.710678690658645
0,0.8305676340137534,0,0,0.8037210920480035,0.7673043556583942
0,0.6974530278692536,0,0,0.6476373511494216,0.7293091940543773
0,0.1916559305395269,0,1,0.8026433259195106,0.5806165273656684
0,0.016275124619657768,0,0,0.917992593955258,0.8119964503544743
1,0.5550277824443016,1,1,0.7426729971487657,0.8815215780630613
0,0.3076667568156013,0,1,0.7431420410716161,0.5667487211787898
0,0.7852536560017046,1,0,0.5096291493740599,0.703820770833789
1,0.1995640965860171,1,1,0.8418083400634903,0.8753235847577744
1,0.5380302863142512,0,0,0.4746657464397328,0.392549216214578
1,0.30410849273766805,1,1,0.8290341405643831,0.761317878881504
0,0.7452558047725831,0,0,0.650806703303399,0.7278993072489908
1,0.6103718870295356,0,0,0.4914763120904585,0.5271716662366134
0,0.37043068611595137,0,0,0.9091131638394914,0.99
0,0.8770047890692089,1,1,0.4069731769909977,0.3795642140866212
0,0.4399094951839628,1,0,0.5507181198675161,0.8427019736610654
0,0.5518528054504982,0,0,0.7644543079255769,0.7858949829112551
1,0.4655482080306602,1,1,0.8991624081304346,0.7133436656800146
0,0.8231835709710421,1,0,0.4279910532797216,0.6522820471689531
0,0.38463248783176957,0,0,0.8286209455622724,0.8652760616452979
1,0.3617029544187169,0,1,0.4178942060748043,0.862299880837183
1,0.7696902592488758,0,0,0.3978632858148195,0.40192349145119466
1,0.4845001071919771,1,1,0.7848994600065891,0.7845352254613744
1,0.7272452185047464,1,0,0.7941824495262515,0.4460687201109511
1,0.3945601402792975,1,0,0.8163418737083462,0.49573881928758096
1,0.49209333393264354,0,0,0.5730202360626365,0.44449670664184426
1,0.3483759972269584,1,1,0.8802966398900397,0.8280103941016744
1,0.6298390050378824,1,1,0.6829399322890535,0.8567582598944508
1,0.13609317819919475,1,1,0.7590564638036102,0.8440090345358606
1,0.5696668435782117,1,1,0.8451733129723286,0.7803194052545479
0,0.32014986650678484,0,0,0.818768388048337,0.8709011306328566
1,0.696204279500727,1,0,0.7048023633930329,0.5210863433377408
0,0.5699814798750962,1,0,0.47441345959598274,0.8077496846510631
0,0.7273369805255319,1,1,0.43497781002548785,0.41103398209331743
0,0.36384770229223895,1,0,0.48411751563905836,0.78926787610788
1,0.9066886151946376,1,0,0.6447479579826217,0.31388292878614366
1,0.8403143608301605,0,0,0.4405340315859616,0.31620732993870215
0,0.6217577996475718,0,0,0.720590976673224,0.8337553835791737
0,0.6565222988309187,0,1,0.7369979310659059,0.5439989671706804
0,0.43094734579838884,0,0,0.8027685117535549,0.8520782183239094
1,0.24326758701399512,1,1,0.7990219232876017,0.7984715828611754
0,0.7194719156535743,0,0,0.667155752062202,0.7064854618261492
0,0.25173854680024427,1,0,0.5293314843387114,0.7978401256356334
1,0.7583332138155203,1,1,0.7248086320176206,0.7512360527070328
0,0.5992394699727043,0,0,0.744725588013191,0.7554733501493816
1,0.35522231982867153,1,1,0.8438315603571144,0.7906527601181544
0,0.6504409494397453,0,0,0.781870206045713,0.8265643694793112
1,0.16260228020463866,1,1,0.8427157612147668,0.824549172693614
0,0.46346457221284953,1,1,0.4119142770520794,0.4548030042791614
1,0.5403053000458535,1,0,0.7242692043190433,0.46055687177738786
0,0.5448203239949759,0,0,0.9059585145835515,0.7493983178736214
1,0.21016856889698457,1,1,0.7429896038063943,0.9646502641849571
1,0.5924239629787528,1,0,0.8304446767111787,0.515223073714447
0,0.9144650370424244,1,0,0.47860914666577536,0.7685026400244015
1,0.6243589869450702,1,0,0.8252101729421765,0.44482223155550793
1,0.7874450825213953,0,0,0.373023953237127,0.3518951903463171
0,0.6679544467407681,0,0,0.6857270904481545,0.7787043441841281
1,0.7654600329688173,0,0,0.4122119879252603,0.4877254236437588
0,0.6282982627678606,1,1,0.4169285261703538,0.44147617484318297
1,0.3833728128012114,1,1,0.8355537447746841,0.9173149100127156
0,0.7567679870490007,1,0,0.3954197326853679,0.8097547639416831
1,0.5113199472894027,1,1,0.670973465241538,0.8381239602109616
0,0.3357938045713098,0,0,0.7265334430601109,0.8051271654489096
0,0.21141323584397237,0,0,0.8262153981572248,0.8057834368392405
1,0.35568257864395125,1,0,0.7947589167829621,0.40692537402503226
1,0.8100114521216208,0,1,0.4543011396699633,0.8536374486478316
0,0.4260922454290139,1,0,0.4734222775361449,0.8714969895676232
1,0.3532225966494018,1,0,0.7918137756364014,0.6185452311561971
0,0.482913743549492,0,0,0.8759160795029263,0.7883651823308051
0,0.9190361422509455,0,0,0.5675477707785386,0.791783601787758
0,0.3440751302365621,0,0,0.7485276048506617,0.8264263306895203
0,0.46381531623750155,0,0,0.787097637567253,0.8050767837096561
0,0.21535086231295858,0,0,0.7673535902568285,0.9433599419814258
0,0.697411046479759,0,1,0.7728824291229679,0.5122959925111207
0,0.22568642502950617,0,0,0.8717658823623455,0.8738082797300429
0,0.3111492237664142,1,0,0.42533018995764854,0.8682170679515657
1,0.5603143719458581,1,1,0.7256387870344516,0.7182257626086751
1,0.8802198407132336,1,1,0.7127789613235226,0.8366120198948764
0,0.7137414615559445,0,1,0.6147088359294359,0.5318671779534019
1,0.9157487369370803,0,1,0.40391094764073177,0.6545158141728535
0,0.39064539875838955,0,0,0.7746241451655101,0.7670427216667877
0,0.6070428598540635,0,0,0.7006279352553347,0.8940660353195895
0,0.14776886459146926,0,0,0.8271155270645867,0.9384959444383678
1,0.18189632853455232,1,0,0.9031496281278684,0.5729325460156659
1,0.2984863140699196,1,1,0.8785971316093597,0.7748426921240785
1,0.6803315774757815,1,0,0.7584764602929094,0.433762647034684
0,0.5897028911325223,0,1,0.807716964569168,0.4310560092672878
0,0.016217185435198248,0,0,0.8988230900727275,0.9705075881482906
0,0.6686591260451182,1,0,0.3745892172202439,0.7188800246310786
1,0.47003758468050316,0,1,0.360065634481596,0.7794355587861039
0,0.5757070441093866,1,0,0.4231523175099317,0.8419244011291184
0,0.7685175627750296,0,0,0.7283811581517653,0.6992099498633677
0,0.6907724913227826,1,1,0.40475002981002894,0.3045426511634183
0,0.817547266470679,0,0,0.8070954435176871,0.7067779569161271
1,0.10928484970963954,1,1,0.8705343837992435,0.8373748746105264
0,0.6014439070335375,0,0,0.7737271999569808,0.6974134180976579
0,0.6710624336779264,0,0,0.8870914031253223,0.7257207641795504
0,0.8213604621113602,1,0,0.39030970692855155,0.8351456778728901
1,0.6614532491314156,0,1,0.382351126326022,0.8630155944587915
0,0.6755932320069454,1,1,0.5164983871349788,0.5282608397811144
0,0.6262266900879913,0,0,0.7835555006204901,0.7091949193954967
1,0.3044230643390203,1,1,0.8878915398324774,0.942352768209691
0,0.91125357732452,0,0,0.6713344139663435,0.7130404752288584
1,0.4426264102186496,1,1,0.8814736816041212,0.77518858413628
0,0.5416004523885185,0,0,0.8439592580696657,0.7007880107841282
0,0.8088348300178699,0,0,0.7703291353453015,0.7257746479478667
0,0.918981297829657,1,0,0.2565298551026499,0.7072204975926968
1,0.25291024274348917,1,1,0.9119629329340275,0.8607115289218685
1,0.5353522123774388,1,1,0.7110732015410678,0.7778957249503134
1,0.35005637400068723,1,1,0.9121638983326166,0.802605168428173
0,0.26894039843558076,0,0,0.8662289319077369,0.8380647923398479
1,0.47651317308711233,1,1,0.7910547909431744,0.810694622084013
1,0.35697359733440204,0,1,0.5175038743447437,0.9304290700618885
1,0.39530175752707086,1,1,0.7073967390179614,0.8044295436870327
1,0.15489270956549325,0,0,0.4737555931041044,0.4483244699044869
0,0.23208417658054195,0,1,0.9575768684900846,0.5344494855136767
0,0.4885111413401886,0,0,0.7651725172858427,0.81911242821561
0,0.46003335787504906,0,0,0.9246025660236767,0.7692293551623091
0,0.6807958875013905,0,0,0.742273845931443,0.7585224645099155
0,0.14076854181209242,1,0,0.6065880055167159,0.9052954051193116
0,0.2502697964379664,0,0,0.7673634561493244,0.8978509862749201
0,0.47267351134412144,1,0,0.6287287765507601,0.8482140447317139
0,0.6085829200418764,0,0,0.7086128093933686,0.7586403617443044
1,0.2973110244253023,0,0,0.382758728714384,0.5164591079007168
0,0.330150573162715,1,0,0.5763415531570034,0.8397387458341026
0,0.2616833087606564,0,0,0.9381832801562028,0.8521185489526916
1,0.5586961184295495,1,0,0.7689142955914,0.3945030226439948
0,0.33789379409294024,0,0,0.7989291285712071,0.8404347174767233
0,0.02584726204630377,0,0,0.8310506979020342,0.7637212625019232
0,0.5918950398705008,0,0,0.769904288638378,0.7755016501489839
1,0.5366551042497094,1,1,0.8559834398260643,0.7513488931975161
1,0.960902171558732,1,0,0.7632187515425132,0.40922572562427156
1,0.6051472996085655,0,1,0.4146098549097809,0.6939711981056149
0,0.3187588867433791,0,1,0.8456798180299105,0.6832151543955709
1,0.40765229920745844,1,0,0.8017216099350877,0.5463877795701555
0,0.14858769582590994,0,1,0.8566221601048547,0.4670615827501309
0,0.7599547693099893,1,0,0.4997682770348753,0.6887957004099451
0,0.5194502345941815,0,0,0.7740099542561613,0.7502480317934271
0,0.8037867796285204,1,0,0.475246538004302,0.7962933409652069
0,0.4585559395499259,0,0,0.7793556918885152,0.8213041953397848
1,0.31532055211187565,1,1,0.8073285121625129,0.9068647840655127
1,0.6398906424912972,0,1,0.4263414924921469,0.9044782428985333
0,0.5479098063627008,0,1,0.907944786251306,0.47619435855553327
1,0.6008359338583394,1,1,0.7149689148268878,0.7392859946031154
0,0.8320224403725631,0,0,0.8032171113529072,0.8832039117908431
0,0.7115596317992823,0,0,0.7284682936372885,0.7683977224833418
0,0.299081815898665,0,0,0.825323648619779,0.8667030575960779
1,0.7990143707991858,1,1,0.6067769602840034,0.7287270542070797
1,0.8572832921680934,0,1,0.3905997195955105,0.7817150893889552
0,0.9162490376957722,1,1,0.4193364443807384,0.39772587485527244
1,0.8636615941550654,1,0,0.7546805391230109,0.5987158642768439
1,0.2068537289626382,1,1,0.7943157033924431,0.9701872066368173
0,0.458561056283297,0,0,0.875135570368189,0.8689692047553689
0,0.7089427551299661,0,0,0.7306017264397326,0.7980882773084917
1,0.6210777911644193,1,1,0.7174624796878706,0.8175432245167682
0,0.3324553493207132,0,1,0.8236004508556722,0.562929074014062
0,0.9456835922156931,1,1,0.5077429664681123,0.3294923195637203
0,0.1796684543913762,0,0,0.8289295780777834,0.8789010680618168
0,0.5758581901932524,1,0,0.4908696069280082,0.7544239169880962
1,0.4217024576678509,0,0,0.4270252831557834,0.5235836650277571
0,0.2905437775590511,0,0,0.8571024679639837,0.8670173248168804
1,0.7114096681090079,1,0,0.7694946109886502,0.3492245407239833
0,0.2718505164264485,0,0,0.7094296353537016,0.8766515158822652
0,0.660708369442363,1,0,0.3981375355728461,0.8244910955481551
1,0.6937062525548725,0,1,0.46639641440130714,0.9499252418740018
0,0.41859155794926184,1,0,0.44312833487464276,0.8335148537410241
1,0.3478907868515794,1,1,0.8967679138104976,0.8857435876181635
1,0.9188300093020967,1,0,0.7103292130729161,0.33439870772406965
0,0.6566297544932792,1,0,0.4550293027092706,0.7908431473069532
0,0.7950508407002003,1,0,0.36113565641796064,0.7120216822424658
1,0.7092678807045285,1,0,0.7369559454048193,0.4106234734433719
1,0.8765974230796265,0,1,0.32471785134586495,0.889138079760165
1,0.6980221947038807,0,0,0.38361297935293814,0.43742076749376224
1,0.6922406353089199,0,0,0.5001931939411206,0.43220709424673764
0,0.5550692984106615,1,0,0.4609440638193453,0.99
0,0.1515247839708888,1,0,0.7107560238851733,0.9606995250452077
1,0.3118016631003779,1,1,0.7801878009243457,0.99
1,0.765403469084424,0,1,0.4231067223036507,0.7140459221672542
0,0.6376374965823384,0,0,0.8468875655096966,0.7564262015108798
0,0.5739012396640885,0,0,0.7416090962592898,0.7798127002506776
0,0.5203515151297682,1,1,0.42730125630677795,0.5038409434117815
1,0.6869906295625378,1,1,0.7429994585494392,0.7973396040991199
1,0.253046555631946,1,1,0.852655848389187,0.8728451733210535
0,0.5900313148234998,0,0,0.8085552502984698,0.9234959094723596
0,0.8546423979117667,1,1,0.391546134353869,0.33704277112506964
1,0.7761287912096136,1,1,0.772653268437168,0.7540598076951555
0,0.2743629108077339,0,1,0.7982646703032119,0.504951822613287
0,0.34402301939869173,1,0,0.46050791221157455,0.7788443609790799
1,0.3288395397940609,1,1,0.8775219520651132,0.7869677089896477
1,0.4221417639262487,1,1,0.7957874213148463,0.8417732372992407
0,0.5816138426564997,0,0,0.8315456919598988,0.8918019158378391
0,0.33532637608707105,0,0,0.7634281145132867,0.8710616440583682
1,0.050338681101931425,1,1,0.9059676627228646,0.9482385201301443
0,0.28562598103257,0,0,0.9158406169190524,0.9043643039807164
1,0.48019893987650886,0,1,0.4492971792388619,0.8342107894784376
0,0.07787418692824588,0,0,0.8244788473149227,0.8572088258468621
0,0.4882173145195252,0,0,0.7715862076625086,0.7849652722556035
1,0.5837607496242128,0,1,0.42885305660766043,0.7409223616590386
0,0.5700483062732585,1,1,0.47975860754789323,0.5160984804781762
0,0.21002212648267812,0,0,0.8253902285440459,0.8344383465539238
1,0.9093378251522516,0,0,0.36108647339611394,0.28553600687252767
1,0.6936021715905357,0,1,0.3913022812033839,0.6897248495125227
0,0.2301339851084776,1,0,0.5299325600436208,0.8623746264090334
1,0.5595119629344784,0,1,0.4659345916743903,0.825598834970609
0,0.6894747362350405,0,0,0.6868568345996892,0.8238661531543133
0,0.5408286943260279,0,1,0.7925676221554274,0.480762308969119
1,0.3705780317387769,1,1,0.8484257765396988,0.8265935317736511
1,0.7127589954394535,1,1,0.7602941922135508,0.7452565902746559
1,0.4492220294906989,1,0,0.766238131702871,0.5643990737114601
0,0.5758655683016728,0,1,0.7184012777074533,0.44185409287001237
1,0.7582580364210454,1,1,0.6830608627180245,0.8709039923995956
1,0.7411520006890846,1,1,0.7836903926611202,0.7634728279751716
0,0.6517912590747518,0,1,0.8215499842605829,0.47984320984621853
0,0.6781617797561362,1,0,0.37271089096665333,0.8057614467261304
1,0.5912852786054169,0,0,0.5264920547005982,0.41826680663696447
1,0.35875084146712505,1,1,0.8381953115436305,0.8426174686896096
0,0.6648707122050895,0,0,0.8005991266958352,0.7438771916753122
1,0.4593392328070963,1,1,0.8597974907222674,0.8365011363013302
0,0.7108470511722841,0,1,0.830817653080742,0.5536282008553649
0,0.49719512646108655,1,1,0.5367749920165226,0.48772953755749615
1,0.19296764298508995,0,1,0.5728972829297724,0.9120389197542963
1,0.6015376933235339,0,1,0.4237964650131583,0.6474917096173527
1,0.5412883706675607,1,1,0.7513918174130616,0.8014472834712839
1,0.42280785779832764,1,1,0.9037944648456976,0.7936934181989784
0,0.1904381227961509,0,1,0.8043482219384901,0.521095224975198
1,0.6355758320285911,0,0,0.490912055525836,0.2886848967897312
0,0.6457815801446849,0,0,0.7510467453541371,0.7491733036482079
1,0.564267925135555,1,1,0.8092174011080568,0.7527685602528038
1,0.6551481291701496,0,1,0.45638117840345827,0.86474416826804
0,0.1954460824879711,0,0,0.8631554389461139,0.8280761742438323
1,0.4146851319916548,0,1,0.5587663842817764,0.8826098944634021
0,0.7544161694707566,0,0,0.7674841155627028,0.7616695531255337
0,0.7120479642494267,1,1,0.4637442117319122,0.3950372574878236
0,0.4232873291911324,0,1,0.8106936422851618,0.5426045657424013
0,0.6019694103081261,0,0,0.7208304964136812,0.6771961399977434
1,0.6684508509783903,0,0,0.3841618564362885,0.35219374324825653
1,0.7599027217991388,0,1,0.3929492676631604,0.6402946408674767
1,0.6076790916598803,1,1,0.7734930717933161,0.756276511086478
0,0.39824204269412017,1,0,0.49355988588215843,0.8371684199025647
0,0.580543949666602,0,1,0.7774788646779749,0.4038858543370182
1,0.4575377230682799,1,1,0.7531248266262843,0.880015833702846
1,0.800440868437363,1,0,0.7403108476304193,0.3842160257369184
0,0.5313985031686972,0,0,0.8349172379071021,0.8453974923610768
0,0.41539801698358636,0,1,0.8115717224543861,0.5641875789025534
0,0.8603722414979509,0,0,0.6730675688378824,0.6560985161685634
1,0.5673604023152484,1,0,0.8402612783648163,0.41360619801013854
0,0.5522723210151808,1,1,0.48080720160639145,0.47045488203141267
0,0.7007486711438055,0,1,0.7327042581870491,0.4560890920288792
0,0.23152109447783556,1,0,0.4941993406799243,0.909710482976306
1,0.6560955278436831,0,1,0.42697677930674555,0.8091780732144638
1,0.08780631828407438,1,1,0.7942124451049372,0.911626410946832
0,0.5301770308550334,0,1,0.8796733978069758,0.5865975932166622
0,0.6878374749008034,0,0,0.8877109671231418,0.7847993224293969
1,0.2889306268436222,1,0,0.9025841212940602,0.5914501462832337
0,0.8328213169223939,0,0,0.7982634873592379,0.7861864764691865
0,0.5885409411036473,0,0,0.8370597930356504,0.8644781472492028
0,0.578639312325148,1,0,0.46306605326028477,0.9113919317750546
1,0.3260528803143131,1,1,0.7795361040877045,0.8236352973014128
1,0.4902187277663813,1,1,0.7569577603886989,0.802036430061282
0,0.4350287417888923,1,0,0.44513495338974535,0.8132427151037522
0,0.3321849494560023,0,0,0.7460820892805924,0.8974289289556678
0,0.07132825078160232,1,0,0.5699811156177038,0.8870833776643717
0,0.43715597181230587,0,1,0.7528589761378558,0.48542824297906834
1,0.16298879415505696,1,0,0.9219475000636138,0.6220999071845835
0,0.18438752481964202,1,0,0.5374256734118449,0.9415747052035455
0,0.5773282209277066,0,0,0.7404210188000903,0.7906124439806669
1,0.43022405279392434,1,1,0.8158100462408163,0.7539340314143081
1,0.3647153744542816,1,0,0.8571366879699917,0.5103134206241358
1,0.6069382960212582,0,0,0.3982280708023086,0.49536091580133934
0,0.632794237032493,1,0,0.3747261350227508,0.7269919540464564
0,0.19152360757413392,0,0,0.9370370864027054,0.8816748738830943
0,0.5496958305546576,0,1,0.6455409088224756,0.4412253203621816
1,0.7340228443943179,0,1,0.47439358022385486,0.7384601499875233
1,0.22057703158973488,1,1,0.8918253034199763,0.8745824965511416
0,0.42436380184734906,1,0,0.4971896661541529,0.7458002386137225
1,0.5317767765521639,1,1,0.7786468745087702,0.7528890577004216
0,0.4134041359925621,0,0,0.8120093244012733,0.8962445553560223
1,0.5810262304343026,0,1,0.49914498748607794,0.6869832310278319
0,0.6540049517761226,1,0,0.36015164377854664,0.7404502632535416
1,0.7546644927561622,1,0,0.6418386833421502,0.4382233533023282
0,0.29490330231799433,0,0,0.7941419122117717,0.8902389029737141
1,0.2063071364591937,0,0,0.525204669928196,0.5159934080246539
0,0.4360302313875312,0,1,0.834512694969924,0.4695877295227108
0,0.5148312690735485,1,0,0.4882812521583589,0.7600837604617255
0,0.1409120539710492,0,1,0.824254882465758,0.5251584098301413
1,0.6365763879215417,1,1,0.6985001512490898,0.823631475044067
0,0.8337722046353628,1,1,0.42597105417215875,0.388466419576168
0,0.8011018577325841,0,0,0.8190678338889661,0.7031063325531948
1,0.6882412022193389,1,1,0.8891370071782765,0.810617561963715
0,0.7859427192380055,1,0,0.3404920893212866,0.8117254897197087
0,0.6421051227717041,1,1,0.5137371198665328,0.49584169293417724
0,0.5569756237694703,0,0,0.7074657848732825,0.8320088786781542
1,0.7339246041759002,0,0,0.4134254166996689,0.4715352922366076
0,0.8650676600057526,1,0,0.3731138861832146,0.7568869906819284
1,0.7693347803250388,0,1,0.36246913443797774,0.7543259162007108
1,0.6051271143372814,0,1,0.4705628430593417,0.790960665341986
0,0.5859045448845964,0,0,0.7642364445705291,0.6558541369849272
1,0.8446597936637913,0,0,0.36736899363247494,0.3921085853537061
1,0.05587943834124586,1,0,0.8282340096762707,0.7731266079346694
0,0.6348830574466849,1,0,0.42111854585702296,0.7625037120204267
1,0.12424338140125007,1,1,0.9607251033764248,0.8585880530656018
1,0.5735401060232521,1,0,0.8322056492099856,0.46027356522633917
1,0.31160294690233986,1,1,0.8896306203302715,0.94041298735967
1,0.6689112630822376,0,0,0.3384503811386278,0.5954730749599035
0,0.532151587940077,0,0,0.8384232717202331,0.7125982789583057
0,0.9157105494307028,0,0,0.66376508563413,0.7332027829621467
0,0.6459324348203105,0,0,0.7205896639397147,0.738895918248757
0,0.6349655023355709,0,0,0.744036951372417,0.7843939492870983
1,0.34937683526924873,1,1,0.725688128636943,0.7880018747405224
0,0.4891082433383042,0,1,0.8799923282701253,0.5288210292144866
1,0.7578054662974499,1,0,0.7374589918765568,0.3982247708647342
0,0.489587741963157,1,0,0.3860424752301106,0.7944704436368283
0,0.24114349084549622,0,1,0.8759507521975832,0.5282073547880581
0,0.5445693886779892,0,0,0.7069466234458932,0.7898683066120948
0,0.12064972207649638,0,0,0.8653190467145665,0.9003570737556899
